year,quadrant,plantation,plantation_standard,owner,owner_name_varients,owner_surname,owner_nationality,field_worker_male_adult,field_worker_female_adult,field_worker_male_teen,field_worker_female_teen,field_worker_male_child,field_worker_female_child,field_worker_incapable,maroons,house_worker_male,house_worker_female,artisan_worker,creole,african,total,married_couples,unmarried_couples,missing_men_adult,missing_female_adult,missing_men_child,missing_female_child,missing_total,animal_cattle_male,animal_cattle_female,animal_goats_sheep,animal_mules,animal_horses,acre_sugar,acre_provision,acre_fallow,acre_woodland,acre_cotton,acre_for_enslaved,acre_total,avg_harvest_sugar,avg_harvest_rum,avg_harvest_cotton,unused_acre_sugar,unused_acre_cotton,link
1792,Dronningens_Kvadrant,Judiths Fancy,,John Benners Arv,,Benner,Dutch,14,23,1,7,13,16,30,1,21,21,7,102,52,154,4,13,15,15,,,30,17,21,116,7,2,180,40,140,,,30,390,140,60,,,,"https://arkivalieronline.rigsarkivet.dk/da/billedviser?epid=20201795#292226,58788329"
1792,Dronningens_Kvadrant,St. Johns,,John Heyliger Burt,,Heyliger,Dutch,35,44,26,11,12,7,31,,1,5,10,98,84,182,21,3,10,10,10,20,50,16,14,50,20,3,432,8,81,,,62,575,230,100,,,,"https://arkivalieronline.rigsarkivet.dk/da/billedviser?epid=20201795#292226,58788329"
1792,Dronningens_Kvadrant,Montpellier,,Charles Chabert Jr.,Charles Chabert & Joseph Black,Chabert,French,18,22,4,6,10,5,14,,1,1,5,54,32,86,,2,,,10,10,20,7,16,46,5,1,140,10,65,,,10,225,80,36,,,,"https://arkivalieronline.rigsarkivet.dk/da/billedviser?epid=20201795#292226,58788329"
1792,Dronningens_Kvadrant,Concordia,,Peter L. Oxholm,,Oxholm,Danish,29,28,16,4,8,6,17,3,3,13,18,72,73,145,4,15,10,20,10,10,50,12,15,124,19,19,200,20,150,50,,10,430,200,80,,100,,"https://arkivalieronline.rigsarkivet.dk/da/billedviser?epid=20201795#292226,58788329"
1792,Dronningens_Kvadrant,Windsor,,Charles Chabert Sen.,,Chabert,French,44,59,13,12,17,19,16,,1,14,15,130,80,210,,19,20,,10,,30,28,25,43,24,1,270,60,100,280,,42,900,100,40,,70,,"https://arkivalieronline.rigsarkivet.dk/da/billedviser?epid=20201795#292226,58788329"
1792,Dronningens_Kvadrant,Glynn,,James Johnsons Arv,James Johnstons Arv,Johnson,,37,44,3,4,12,8,8,,3,7,8,76,58,134,,25,20,30,20,30,100,16,10,30,24,3,184,40,76,,,15,300,250,100,,,,"https://arkivalieronline.rigsarkivet.dk/da/billedviser?epid=20201795#292226,58788329"
1792,Dronningens_Kvadrant,Morning Star,,William McDougall,,McDougall,Scottish,30,38,9,7,9,2,12,,1,2,9,75,44,119,,16,20,30,10,12,72,12,4,,8,1,185,10,48,,,10,295,180,80,,,,"https://arkivalieronline.rigsarkivet.dk/da/billedviser?epid=20201795#292226,58788329"
1792,Dronningens_Kvadrant,Rattan,,George Aitkin,,Aitkin,,48,48,12,13,10,13,10,,3,8,9,110,64,174,,29,20,24,10,6,60,20,7,80,15,2,244,25,75,10,,10,425,200,90,,,,"https://arkivalieronline.rigsarkivet.dk/da/billedviser?epid=20201795#292226,58788329"
1792,Dronningens_Kvadrant,Mary's Fancy,,Bertram Peter de Nullys Arv,Madame de Nully,de Nully,French,44,31,5,6,7,6,5,1,1,5,6,43,74,117,,,,,,,,7,2,41,30,,250,10,28,,,8,300,168,59,,,,"https://arkivalieronline.rigsarkivet.dk/da/billedviser?epid=20201795#292226,58788329"
1792,Dronningens_Kvadrant,Lime Tree,Limetree,Isaac Hartmann,Isaac Hartman,Hartmann,,25,17,4,2,3,1,12,1,4,6,2,33,44,77,,11,10,10,10,10,40,15,,,11,4,130,,,,,20,150,200,75,,,,"https://arkivalieronline.rigsarkivet.dk/da/billedviser?epid=20201795#292226,58788329"
1792,Dronningens_Kvadrant,Bonne Esperance,,Lucas Benners Arv,,Benner,Dutch,26,16,11,10,9,10,4,,2,6,6,51,49,100,,15,6,10,8,12,36,6,6,22,10,6,110,,25,,,15,150,200,75,,,,"https://arkivalieronline.rigsarkivet.dk/da/billedviser?epid=20201795#292226,58788329"
1792,Dronningens_Kvadrant,Diamond & Ruby,,Peter Heyliger Abz,,Heyliger,Dutch,54,56,19,8,19,19,7,,3,,11,103,93,196,14,20,8,12,,,20,7,5,,8,2,232,,4,,,10,300,350,150,,,,"https://arkivalieronline.rigsarkivet.dk/da/billedviser?epid=20201795#292226,58788329"
1792,Dronningens_Kvadrant,Sion Hill,,Thomas Bradshaw,Thomas Bradshou,Bradshaw,,39,47,9,10,14,9,6,,5,9,13,107,54,161,7,15,10,10,,,20,12,7,4,25,1,218,,32,,,50,300,240,100,,,,"https://arkivalieronline.rigsarkivet.dk/da/billedviser?epid=20201795#292226,58788329"
1792,Dronningens_Kvadrant,Constitution Hill,Constitution Hill,Generalmajor Schimmelmann,,Schimmelmann,Danish,45,24,24,19,9,6,13,,3,2,9,61,93,154,,8,,,20,30,50,14,3,,29,2,222,15,55,,,8,300,200,90,,,,"https://arkivalieronline.rigsarkivet.dk/da/billedviser?epid=20201795#292226,58788329"
1792,Dronningens_Kvadrant,Sion Farm,,Robert Tuite,,Tuite,Irish,48,59,12,16,19,36,25,,7,13,28,201,62,263,5,19,,,25,15,40,38,11,30,33,1,360,12,129,,,24,525,400,190,,,,"https://arkivalieronline.rigsarkivet.dk/da/billedviser?epid=20201795#292226,58788329"
1792,Dronningens_Kvadrant,Strawberry Hill,Strawberry Hill,Tuite & Stapelton,Robert Tuite & Stapelton,Tuite; Stapelton,Irish,28,26,10,9,15,8,16,2,2,2,5,62,61,123,,18,,,20,10,30,6,2,60,26,1,180,3,42,,,,225,230,90,,,,"https://arkivalieronline.rigsarkivet.dk/da/billedviser?epid=20201795#292226,58788329"
1792,Dronningens_Kvadrant,Moirs,Moirs,William & Samuel Newton,,Newton,English,18,20,3,10,7,5,5,,1,2,2,48,25,73,,11,15,10,20,15,60,13,5,27,16,1,160,,45,,,20,225,150,60,,30,,"https://arkivalieronline.rigsarkivet.dk/da/billedviser?epid=20201795#292226,58788329"
1792,Dronningens_Kvadrant,Cottage,,,,,,16,5,4,3,1,3,12,,,3,3,26,24,50,,6,5,10,6,4,25,1,2,,8,2,90,12,20,,,28,150,50,25,,,,"https://arkivalieronline.rigsarkivet.dk/da/billedviser?epid=20201795#292226,58788329"
1792,Dronningens_Kvadrant,Castle Coakley,,Coakleys Arv,Major Coakleys Arv; Major Cooklys Arv,Coakley,English,36,48,10,10,13,20,29,,2,2,23,123,70,193,3,28,,,,,,21,10,36,16,1,198,9,37,,,,262,250,120,,,,"https://arkivalieronline.rigsarkivet.dk/da/billedviser?epid=20201795#292226,58788329"
1792,Dronningens_Kvadrant,Peters Rest,,Bertram Peter de Nullys Arv,Madame de Nully,de Nully,French,30,36,8,6,4,16,10,,3,2,17,83,49,132,13,16,,,,,,12,4,14,16,6,116,10,24,,,,150,130,60,,,,"https://arkivalieronline.rigsarkivet.dk/da/billedviser?epid=20201795#292226,58788329"
1792,Dronningens_Kvadrant,Work & Rest,,Peter L. Oxholm,,Oxholm,Danish,49,43,15,13,6,8,21,4,4,5,16,98,86,184,14,16,10,30,5,15,60,19,3,22,29,2,370,40,30,,,25,465,250,120,,,,"https://arkivalieronline.rigsarkivet.dk/da/billedviser?epid=20201795#292226,58788329"
1792,Dronningens_Kvadrant,Pearl,,Abraham Heyligers Arv,,Heyliger,Dutch,14,29,6,3,4,7,20,2,1,4,10,50,50,100,2,7,10,10,10,10,40,5,12,8,5,1,156,10,104,,,30,300,90,40,,,,"https://arkivalieronline.rigsarkivet.dk/da/billedviser?epid=20201795#292226,58788329"
1792,Dronningens_Kvadrant,Jerusalem,,John Stewens Ferrall,Doctor J. Stewens Ferrall; Doctor Ferrall,Ferrall,Irish,33,34,3,2,7,7,16,,1,4,6,55,58,113,2,11,,,8,4,12,9,7,95,12,2,170,,25,,,,225,165,75,,,,"https://arkivalieronline.rigsarkivet.dk/da/billedviser?epid=20201795#292226,58788329"
1792,Dronningens_Kvadrant,Figtree Hill,,John Stewens Ferrall,Doctor J. Stewens Ferrall; Doctor Ferrall,Ferrall,Irish,7,11,6,2,1,,4,,6,10,2,24,25,49,,3,,,,,,,,,,,40,10,12,,10,8,80,26,12,,,,"https://arkivalieronline.rigsarkivet.dk/da/billedviser?epid=20201795#292226,58788329"
1792,Dronningens_Kvadrant,Hope,Hope,Peter Heyliger Sen. Arv,Peter & Maria A. Heyligers Arv,Heyliger,Dutch,37,35,8,6,18,10,35,,2,1,24,126,50,176,7,33,25,40,10,25,100,8,18,6,5,1,157,12,35,,,21,225,170,80,,,,"https://arkivalieronline.rigsarkivet.dk/da/billedviser?epid=20201795#292226,58788329"
1792,Dronningens_Kvadrant,Humbug,,John Heyliger Abz,,Heyliger,Dutch,15,13,4,3,6,3,4,,1,2,4,22,33,55,,8,10,20,,,30,7,5,38,10,2,100,8,34,,,8,150,60,30,,40,,"https://arkivalieronline.rigsarkivet.dk/da/billedviser?epid=20201795#292226,58788329"
1792,Dronningens_Kvadrant,Cane Garden,,Christopher McEvoys Arv.,,McEvoy,Scottish,27,18,13,8,5,5,20,3,3,5,4,38,73,111,4,26,10,15,6,9,40,,4,137,13,5,170,15,30,,,5,220,120,60,,,,"https://arkivalieronline.rigsarkivet.dk/da/billedviser?epid=20201795#292226,58788329"
1792,Dronningens_Kvadrant,Cassava Garden,,Thomas M. Bladwell,,Bladwell,,9,9,,,7,,2,,2,2,3,23,11,34,,3,6,10,,4,20,,3,,4,2,55,8,10,,,4,75,35,15,,,,"https://arkivalieronline.rigsarkivet.dk/da/billedviser?epid=20201795#292226,58788329"
1792,Prindsens_Kvadrant,Hard Labour,,Alexander Coopers Arv,Alexander & John Cooper,Cooper,,11,12,2,,1,5,4,,,1,,13,23,36,,,12,8,6,6,32,,2,12,16,1,100,4,16,,,30,150,40,20,,,,"https://arkivalieronline.rigsarkivet.dk/da/billedviser?epid=20201795#292226,58788335"
1792,Prindsens_Kvadrant,Two Friends,Two Friends,Peter Penthenys Arv,Doctor Peter Pentheny,Pentheny,,27,21,4,5,5,4,9,,1,3,6,43,42,85,1,10,5,,10,5,20,,3,,19,5,130,5,15,,,,150,140,60,,,,"https://arkivalieronline.rigsarkivet.dk/da/billedviser?epid=20201795#292226,58788335"
1792,Prindsens_Kvadrant,Montpellier,,John O Ferrall,John O Ferall,Ferrall,Irish,25,25,7,7,8,8,12,,3,4,7,50,56,106,2,20,,,5,5,10,6,4,20,6,8,100,20,20,,,10,150,50,25,,,,"https://arkivalieronline.rigsarkivet.dk/da/billedviser?epid=20201795#292226,58788335"
1792,Prindsens_Kvadrant,Clare Mount,Clare Mount,Charles Dalhy,Charles Daly,Dahly,Irish,15,10,6,,1,5,1,,1,2,3,19,25,44,,4,10,10,,,20,,,,10,1,50,5,10,,,10,75,25,12,,,,"https://arkivalieronline.rigsarkivet.dk/da/billedviser?epid=20201795#292226,58788335"
1792,Prindsens_Kvadrant,Bog of Allen,Bog of Allen,Augustinus Pentheny,Augustus Pentheny,Pentheny,,10,14,5,2,5,,9,20,2,2,7,50,26,76,,8,15,5,,,20,,1,,22,10,130,,15,,,5,150,100,50,,,,"https://arkivalieronline.rigsarkivet.dk/da/billedviser?epid=20201795#292226,58788335"
1792,Prindsens_Kvadrant,Springfield,,William Bourke,William Bourk; William Bourk Spririgfield,Bourke,Irish,18,26,7,7,7,4,5,,4,3,2,31,52,83,,16,5,,5,5,15,,4,20,15,5,120,5,20,,,5,150,120,50,,,,"https://arkivalieronline.rigsarkivet.dk/da/billedviser?epid=20201795#292226,58788335"
1792,Prindsens_Kvadrant,River,,William & Samuel Newton,,Newton,English,54,68,16,19,23,18,14,,3,6,28,121,118,239,1,51,30,30,50,50,160,21,8,55,27,2,400,,150,50,,100,700,400,150,,200,,"https://arkivalieronline.rigsarkivet.dk/da/billedviser?epid=20201795#292226,58788335"
1792,Prindsens_Kvadrant,Jealousy,,Richard Forster,,Forster,Irish,48,33,14,5,12,12,21,,1,2,9,67,90,157,1,14,15,16,15,24,70,10,8,20,19,1,220,30,30,,,20,300,,65,,30,,"https://arkivalieronline.rigsarkivet.dk/da/billedviser?epid=20201795#292226,58788335"
1792,Prindsens_Kvadrant,Love old work,,Lucas de Windts Arv,Madame de Windt Arv; Madame Dewints,de Windt,French,20,20,5,5,3,5,16,,1,2,6,30,61,91,8,15,30,5,10,10,100,5,8,14,18,,204,,76,,,20,300,180,70,,42,,"https://arkivalieronline.rigsarkivet.dk/da/billedviser?epid=20201795#292226,58788335"
1792,Prindsens_Kvadrant,Grove Place,,Hendrichsens Arv,Major Hendrichsens Arv; Cornelius Hendrichson,Hendrichsen,,34,32,21,12,15,15,18,,1,3,10,105,56,161,1,22,10,20,,,30,20,10,50,24,,300,20,90,,,40,450,250,110,,100,,"https://arkivalieronline.rigsarkivet.dk/da/billedviser?epid=20201795#292226,58788335"
1792,Prindsens_Kvadrant,the Hope,the Hope,Peter Coppinger,,Coppinger,,25,19,14,6,5,7,17,1,2,8,6,65,45,110,,3,10,15,,,25,20,3,65,19,4,110,,10,15,,15,150,100,40,,20,,"https://arkivalieronline.rigsarkivet.dk/da/billedviser?epid=20201795#292226,58788335"
1792,Prindsens_Kvadrant,Waldberg Gaard,Waldberg Gaard,Hesselberg Arv,General Krigs Commissair Hesselberg,Hesselberg,,23,25,1,1,7,6,11,,1,2,5,42,40,82,,20,5,5,,,10,13,4,,20,4,115,5,20,,,10,150,50,20,,,,"https://arkivalieronline.rigsarkivet.dk/da/billedviser?epid=20201795#292226,58788335"
1792,Prindsens_Kvadrant,Mountain,,Richard Rogers Arv,,Roger,,11,7,3,4,2,,2,,1,1,1,23,9,32,,4,8,12,5,,25,4,,8,14,2,60,10,15,,,15,100,22,9,,20,,"https://arkivalieronline.rigsarkivet.dk/da/billedviser?epid=20201795#292226,58788335"
1792,Prindsens_Kvadrant,Mint,,,,,,10,5,2,2,4,3,3,,2,7,1,27,12,39,,4,8,12,,,20,,2,,12,3,45,,5,,,,50,60,30,,,,"https://arkivalieronline.rigsarkivet.dk/da/billedviser?epid=20201795#292226,58788335"
1792,Prindsens_Kvadrant,St. George,,John Heyliger P. Z. Arv,,Heyliger,Dutch,29,26,13,10,5,6,33,1,1,3,11,39,99,138,4,31,20,20,,,40,21,9,9,22,1,250,10,20,,,20,300,177,63,,,,"https://arkivalieronline.rigsarkivet.dk/da/billedviser?epid=20201795#292226,58788335"
1792,Prindsens_Kvadrant,Plessen,Plessen,Cornelius Kortrights Arv,,Kortright,,40,34,5,8,11,11,6,,2,7,6,70,60,130,1,15,18,18,7,7,50,23,11,40,28,1,280,,110,,,60,450,180,90,,110,,"https://arkivalieronline.rigsarkivet.dk/da/billedviser?epid=20201795#292226,58788335"
1792,Prindsens_Kvadrant,Love new works,,Lucas de Windts Arv,Madame de Windt Arv; Madame Dewints,de Windt,French,26,15,6,8,3,1,16,,2,1,8,18,68,86,3,20,30,50,10,10,100,7,1,,24,1,220,,67,,,13,300,200,80,,,,"https://arkivalieronline.rigsarkivet.dk/da/billedviser?epid=20201795#292226,58788335"
1792,Prindsens_Kvadrant,Castle Bourke,,William & Samuel Newton,,Newton,English,35,29,4,6,11,8,9,,3,4,11,69,51,120,8,23,15,20,10,15,60,17,16,40,18,21,210,,42,,,10,262,200,70,,20,,"https://arkivalieronline.rigsarkivet.dk/da/billedviser?epid=20201795#292226,58788335"
1792,Prindsens_Kvadrant,Pleasant Prospect,,Manning Lakes Sen. Arv,Manning Lackes Sen. Arv,Lake,,12,13,3,2,2,4,2,,1,1,2,30,12,42,,15,15,,5,5,25,3,4,,12,1,126,5,16,,,3,150,50,17,,,,"https://arkivalieronline.rigsarkivet.dk/da/billedviser?epid=20201795#292226,58788335"
1792,Prindsens_Kvadrant,Patience,,,,,,9,9,4,1,1,5,2,,1,5,1,25,13,38,1,9,6,4,5,,15,,,20,12,3,55,6,,,,,61,30,12,,,,"https://arkivalieronline.rigsarkivet.dk/da/billedviser?epid=20201795#292226,58788335"
1792,Prindsens_Kvadrant,Mount Pleasant,,Cornelius Kortrights Arv,,Kortright,,43,50,10,7,16,22,21,,4,7,14,131,63,194,2,17,10,10,,,20,15,13,29,14,4,275,25,,,,,300,300,115,,,,"https://arkivalieronline.rigsarkivet.dk/da/billedviser?epid=20201795#292226,58788335"
1792,Prindsens_Kvadrant,Diamond,,Rapzart Heyliger,,Heyliger,Dutch,32,33,7,8,7,13,16,,2,2,11,68,63,131,,13,20,10,10,10,50,20,15,50,21,1,347,16,50,,,,423,350,200,,,,"https://arkivalieronline.rigsarkivet.dk/da/billedviser?epid=20201795#292226,58788335"
1792,Prindsens_Kvadrant,Water Ground,,Richard Richardson,,Richardson,,19,11,3,2,2,2,3,,,,1,20,23,43,,17,15,20,3,2,40,5,3,21,11,1,100,15,20,,,15,150,30,10,,30,,"https://arkivalieronline.rigsarkivet.dk/da/billedviser?epid=20201795#292226,58788335"
1792,Prindsens_Kvadrant,Old Rye,,Seth Smith Sen.,Sesh Smith Sen.,Smith,,11,9,,,2,5,,,1,1,1,14,16,30,,8,,,,,,4,3,30,10,1,70,32,32,,,16,150,20,9,,,,"https://arkivalieronline.rigsarkivet.dk/da/billedviser?epid=20201795#292226,58788335"
1792,Prindsens_Kvadrant,Enfield Green,,Patrick Ferralls Arv,,Ferrall,Irish,44,24,9,6,10,4,6,,2,10,3,45,73,118,,16,,,20,30,50,17,26,87,10,7,230,12,75,,,14,375,120,60,,,,"https://arkivalieronline.rigsarkivet.dk/da/billedviser?epid=20201795#292226,58788335"
1792,Prindsens_Kvadrant,Paradise,,Charles Dahly,Charles Daly,Dahly,Irish,28,38,7,3,9,15,,,3,7,9,83,36,119,1,9,15,15,10,10,50,12,4,40,10,5,185,10,20,,,10,225,60,25,,,,"https://arkivalieronline.rigsarkivet.dk/da/billedviser?epid=20201795#292226,58788335"
1792,Prindsens_Kvadrant,Nr. 46,,Moses Titcomb,Moses Titicomb,Titcomb,,35,36,6,3,7,1,5,,4,11,5,57,56,113,,14,15,,5,5,25,10,10,50,17,4,200,25,50,,,,275,80,35,,,,"https://arkivalieronline.rigsarkivet.dk/da/billedviser?epid=20201795#292226,58788335"
1792,Prindsens_Kvadrant,Golden Grove,,Wiliam Armstrong,Armstrong & Irving,Armstrong,English,33,14,3,3,2,1,23,7,1,2,6,22,73,95,,10,15,35,15,5,70,10,11,,18,1,227,15,20,,,,262,80,40,,,,"https://arkivalieronline.rigsarkivet.dk/da/billedviser?epid=20201795#292226,58788335"
1792,Prindsens_Kvadrant,Negroe Bay,,William Manning,,Manning,,20,32,5,11,5,4,5,,2,2,6,54,38,92,4,12,6,8,6,10,30,12,19,13,6,1,140,10,60,80,,10,300,60,25,,50,,"https://arkivalieronline.rigsarkivet.dk/da/billedviser?epid=20201795#292226,58788335"
1792,Prindsens_Kvadrant,Envy,,John William Delany,,Delany,,9,4,1,,1,,8,,4,4,5,24,12,36,2,5,,8,2,10,20,1,2,,7,1,60,6,5,,,4,75,12,4,,,,"https://arkivalieronline.rigsarkivet.dk/da/billedviser?epid=20201795#292226,58788335"
1792,Prindsens_Kvadrant,Mountpelier,,Alexander Coopers Arv,Alexander & John Cooper,Cooper,,21,19,6,3,7,1,14,,1,3,7,24,58,82,,16,6,6,,,12,8,8,45,,3,99,,40,,,,139,50,26,,,,"https://arkivalieronline.rigsarkivet.dk/da/billedviser?epid=20201795#292226,58788335"
1792,Prindsens_Kvadrant,Bettys Hope,,Samuel Thompson,,Thompson,English,52,45,25,28,12,9,38,,5,7,18,126,113,239,,31,,,,,,52,20,125,26,5,342,50,107,5,,35,540,200,120,,,,"https://arkivalieronline.rigsarkivet.dk/da/billedviser?epid=20201795#292226,58788335"
1792,Compagniets_Kvadrant,Richmond,,Robert Tuite,,Tuite,Irish,27,30,8,13,13,7,26,,4,7,12,92,55,147,12,4,4,6,4,6,20,,10,45,6,9,133,20,59,,,20,232,75,30,,,,"https://arkivalieronline.rigsarkivet.dk/da/billedviser?epid=20201795#292226,58788327"
1792,Compagniets_Kvadrant,Frederichsdal,Frederichsdal,De Morawiske Brødre,de Mohriske Brødre,,,5,6,,,3,4,,,,,,12,6,18,,,,,,,,,,,,,,,,,,,5,,,,,,"https://arkivalieronline.rigsarkivet.dk/da/billedviser?epid=20201795#292226,58788327"
1792,Compagniets_Kvadrant,Orange Grove,Orange Grove,Christopher McEvoys Arv.,Christopher Mac Evoys Arv.,McEvoy,Scottish,21,21,4,3,4,8,25,,1,4,14,47,58,105,5,16,10,15,12,13,50,4,4,11,12,1,115,,15,,,20,150,80,40,,,,"https://arkivalieronline.rigsarkivet.dk/da/billedviser?epid=20201795#292226,58788327"
1792,Compagniets_Kvadrant,Golden Rock,Golden Rock,Judith Towers,,Towers,,32,28,9,5,5,5,3,1,10,11,4,63,50,113,1,14,,,,,,,7,40,4,4,86,,21,,,4,111,75,35,,,,"https://arkivalieronline.rigsarkivet.dk/da/billedviser?epid=20201795#292226,58788327"
1792,Compagniets_Kvadrant,Little Princess,Little Princess,Peter Heyliger jr. Arv,,Heyliger,Dutch,29,24,4,5,5,8,16,,2,2,6,52,49,101,,12,21,19,30,30,100,6,11,2,7,1,139,10,29,,,,200,95,39,,20,,"https://arkivalieronline.rigsarkivet.dk/da/billedviser?epid=20201795#292226,58788327"
1792,Compagniets_Kvadrant,Annas Hope,,Bertram Peter de Nullys Arv,Madame de Nully,de Nully,French,34,33,8,5,2,1,13,2,1,2,6,71,36,107,10,21,,,,,,11,5,,26,1,227,16,57,,,,300,160,60,,,,"https://arkivalieronline.rigsarkivet.dk/da/billedviser?epid=20201795#292226,58788327"
1792,Compagniets_Kvadrant,Beestonhill,Beestonhill,Thomas Seale,,Seale,,15,18,4,5,13,12,7,,1,5,5,48,37,85,,20,8,12,5,5,30,6,3,34,6,1,108,15,15,,,12,150,100,50,,,,"https://arkivalieronline.rigsarkivet.dk/da/billedviser?epid=20201795#292226,58788327"
1792,Compagniets_Kvadrant,Grange,,Robert Tuite,,Tuite,Irish,22,25,4,6,13,11,17,,5,3,2,49,59,108,12,6,5,5,,,10,8,5,32,10,1,110,,75,20,,20,225,130,70,,,20,"https://arkivalieronline.rigsarkivet.dk/da/billedviser?epid=20201795#292226,58788327"
1792,Compagniets_Kvadrant,Hermon Hill,,Christopher McEvoys Arv.,Christopher Mac Evoys Arv.,McEvoy,Scottish,24,22,2,7,7,5,21,,2,5,7,58,44,102,1,18,20,20,15,25,80,6,9,134,12,1,199,11,179,10,,15,414,100,50,,30,50,"https://arkivalieronline.rigsarkivet.dk/da/billedviser?epid=20201795#292226,58788327"
1792,Compagniets_Kvadrant,Catharina Rest,Catharinas Rest,Bertram Peter de Nullys Arv,Madame de Nully,de Nully,French,10,6,3,,3,1,1,,,1,1,13,13,26,,,,,,,,4,15,75,,,,20,180,,,10,210,,,,,,"https://arkivalieronline.rigsarkivet.dk/da/billedviser?epid=20201795#292226,58788327"
1792,Compagniets_Kvadrant,Retreat,,Isaac Hartmann Jr. ,,Hartmann,,19,26,7,4,3,5,14,,2,2,2,36,48,84,,16,10,10,,,20,8,,,7,,128,,2,,,20,150,120,50,,,,"https://arkivalieronline.rigsarkivet.dk/da/billedviser?epid=20201795#292226,58788327"
1792,Compagniets_Kvadrant,Granard,,Michael McEvoy,Michael Mac Evoy,McEvoy,Scottish,37,37,20,20,10,10,23,2,2,9,23,130,63,193,21,22,12,12,18,18,60,25,34,225,23,10,400,30,310,,,10,750,200,90,,,60,"https://arkivalieronline.rigsarkivet.dk/da/billedviser?epid=20201795#292226,58788327"
1792,Compagniets_Kvadrant,Bugby Hole,,Colbiornsens Arv,Regierings raad Colbiornsen Arv,Colbiornsen,,14,15,3,8,2,4,3,,1,5,6,32,29,61,2,5,,,,,,,,,9,,60,4,153,,,4,225,20,10,,150,,"https://arkivalieronline.rigsarkivet.dk/da/billedviser?epid=20201795#292226,58788327"
1792,Compagniets_Kvadrant,Bugby Hole,,Peter Heyliger Sen. Arv,Peter Heyliger Seniors Arv; Pieter Heyliger Sen. Arv,Heyliger,Dutch,,,,,,,,,,,,,,,,,,,,,,,,,,,,5,,70,,,75,,,,,,"https://arkivalieronline.rigsarkivet.dk/da/billedviser?epid=20201795#292226,58788327"
1792,Compagniets_Kvadrant,Spring Gutt,,John Coakleys Arv,John Coakley Seniors Arv,Coakley,English,,,1,,,,5,,,,,,6,6,2,,,,,,,,,,,,,10,,77,,,87,,,,,,
1792,Compagniets_Kvadrant,Recovery,,William Wood,,Wood,,17,11,2,1,4,6,7,1,1,2,1,28,25,53,,14,8,12,5,5,30,,,20,9,4,80,10,20,38,,20,168,30,15,,60,,"https://arkivalieronline.rigsarkivet.dk/da/billedviser?epid=20201795#292226,58788327"
1792,Compagniets_Kvadrant,Longford,,Christopher McEvoys Arv.,,McEvoy,Scottish,21,30,7,20,5,14,31,3,1,3,19,104,50,154,17,10,15,10,15,10,50,29,40,114,27,1,350,20,360,,,20,750,70,35,,20,80,"https://arkivalieronline.rigsarkivet.dk/da/billedviser?epid=20201795#292226,58788327"
1792,Compagniets_Kvadrant,Diamond,,Lewis Cutture,,Cutture,,15,17,4,3,4,2,11,1,2,8,5,43,29,72,,13,10,10,5,5,30,6,3,50,4,10,110,25,"36,5",,10,6,"187,5",90,45,1200,30,10,"https://arkivalieronline.rigsarkivet.dk/da/billedviser?epid=20201795#292226,58788327"
1792,Compagniets_Kvadrant,Bellevue,,Johannes Rogiers,,Rogiers,,17,23,3,2,6,5,6,1,2,1,2,39,29,68,1,2,12,18,,,30,6,3,11,12,2,114,6,20,,,10,150,60,30,,,,"https://arkivalieronline.rigsarkivet.dk/da/billedviser?epid=20201795#292226,58788327"
1792,Compagniets_Kvadrant,La Princesse,La Princesse,Schimmelmanns Arv,,Schimmelmann,Danish,59,95,42,19,21,16,69,,9,16,33,330,49,379,26,56,10,15,10,15,50,27,12,20,33,4,410,14,200,,,"102,5","726,5",450,225,,,,"https://arkivalieronline.rigsarkivet.dk/da/billedviser?epid=20201795#292226,58788327"
1792,Kongens_Kvadrant,Lebanon Hill,,,,,,18,20,7,7,1,2,22,2,2,3,9,47,46,93,9,4,,,20,30,50,19,15,30,25,2,250,5,35,,,40,330,150,75,,40,,"https://arkivalieronline.rigsarkivet.dk/da/billedviser?epid=20201795#292226,58788331"
1792,Kongens_Kvadrant,Fountain,,,,,,20,22,4,7,3,1,3,,4,8,7,66,15,79,2,4,8,16,6,10,40,5,6,26,4,4,120,8,10,,,12,150,80,40,,,,"https://arkivalieronline.rigsarkivet.dk/da/billedviser?epid=20201795#292226,58788331"
1792,Kongens_Kvadrant,Heremitage,,Alexander & John Towers,,Towers,,26,24,7,9,10,9,19,,3,2,9,67,51,118,,21,10,10,5,5,30,11,3,30,21,2,200,10,30,,,10,300,200,125,,20,,"https://arkivalieronline.rigsarkivet.dk/da/billedviser?epid=20201795#292226,58788331"
1792,Kongens_Kvadrant,Mount Pleasant,,William Colhun,William Colquhoun,Colhun,,37,40,18,19,7,5,50,2,6,8,10,109,93,202,,35,,,20,20,40,57,29,55,35,6,300,,100,30,,20,450,200,120,,,,"https://arkivalieronline.rigsarkivet.dk/da/billedviser?epid=20201795#292226,58788331"
1792,Kongens_Kvadrant,Mon Bÿou,Mon Bÿou,Peter Heyliger jr. Arv,,Heyliger,Dutch,35,27,9,7,11,2,17,,3,2,3,67,49,116,,13,30,40,20,30,120,22,13,,22,3,386,4,48,,,12,450,260,110,,,,"https://arkivalieronline.rigsarkivet.dk/da/billedviser?epid=20201795#292226,58788331"
1792,Kongens_Kvadrant,Fredensborg,,Martin M. Heyliger,Major Martin Heyliger,Heyliger,Dutch,34,24,11,5,11,18,20,,7,10,27,85,82,167,,18,25,30,25,25,105,10,10,,17,14,260,12,16,,,12,300,200,100,,,,"https://arkivalieronline.rigsarkivet.dk/da/billedviser?epid=20201795#292226,58788331"
1792,Kongens_Kvadrant,Bethlehem,,Jan Jacob de Windts Arv,Jan Jacob de Windt; Jahn Jacob de Windt; John Jacob de Windt,de Windt,French,99,78,15,13,22,26,64,3,8,9,19,115,241,356,3,123,25,25,30,30,110,48,51,160,42,8,700,20,250,68,,87,1125,500,200,,150,,"https://arkivalieronline.rigsarkivet.dk/da/billedviser?epid=20201795#292226,58788331"
1792,Kongens_Kvadrant,Upper Bethlehem,,Peter Heyliger Sen. Arv,Peter & Maria A. Heyligers Arv; Pieter Heyliger Sen. Arv,Heyliger,Dutch,42,37,13,8,7,10,14,1,1,2,6,71,70,141,,17,20,40,15,25,100,12,12,16,14,1,250,40,40,,,30,360,184,82,,,,"https://arkivalieronline.rigsarkivet.dk/da/billedviser?epid=20201795#292226,58788331"
1792,Kongens_Kvadrant,Body Slob,,David Beckman,,Beckman,,50,35,7,9,7,7,12,,4,9,12,58,94,152,12,18,,,10,20,30,11,8,46,27,2,240,8,52,,,,300,300,120,,,,"https://arkivalieronline.rigsarkivet.dk/da/billedviser?epid=20201795#292226,58788331"
1792,Kongens_Kvadrant,La Reine,,John Ryan,,Ryan,Irish,37,31,12,9,3,2,10,,3,3,9,56,63,119,9,12,8,12,,,20,10,19,,23,9,170,8,39,,,8,225,170,60,,,,"https://arkivalieronline.rigsarkivet.dk/da/billedviser?epid=20201795#292226,58788331"
1792,Kongens_Kvadrant,Barren Spot,,Christopher McEvoys Arv.,,McEvoy,Scottish,14,21,6,7,4,8,19,1,2,2,5,46,43,89,2,21,14,13,10,13,50,,1,22,8,2,120,,20,,,10,150,150,70,,,,"https://arkivalieronline.rigsarkivet.dk/da/billedviser?epid=20201795#292226,58788331"
1792,Kongens_Kvadrant,Cliftonhill,Cliftonhill,Francis Markoes Arv,,Markoe,French,19,20,4,3,8,6,9,,2,4,2,41,36,77,3,10,7,14,7,7,35,8,2,,9,4,110,10,10,150,,,300,120,45,,,150,"https://arkivalieronline.rigsarkivet.dk/da/billedviser?epid=20201795#292226,58788331"
1792,Kongens_Kvadrant,Profit,Profit,Rapzart Heyliger,,Heyliger,Dutch,19,18,4,10,11,6,2,,,2,7,39,40,79,,11,6,4,5,,15,4,,18,7,2,130,,20,,,,150,70,33,,,,"https://arkivalieronline.rigsarkivet.dk/da/billedviser?epid=20201795#292226,58788331"
1792,Kongens_Kvadrant,Annaberg,,,,,,27,21,9,8,6,4,6,,3,11,10,62,43,105,3,10,6,12,4,8,30,9,3,24,14,2,160,10,30,,,15,225,130,60,,,,"https://arkivalieronline.rigsarkivet.dk/da/billedviser?epid=20201795#292226,58788331"
1792,Kongens_Kvadrant,Spanish Town,,Abraham Markoe Sen.,,Markoe,French,17,24,5,2,9,5,4,1,3,3,1,46,28,74,,8,10,20,,,30,12,10,5,6,1,113,10,20,,,7,150,120,56,,7,,"https://arkivalieronline.rigsarkivet.dk/da/billedviser?epid=20201795#292226,58788331"
1792,Kongens_Kvadrant,Blessing,Blessing,John Meyer,,Meyer,,23,27,6,6,8,10,16,3,7,9,,59,56,115,3,12,8,16,6,10,40,9,2,32,8,2,165,12,26,12,,10,225,200,85,,8,,"https://arkivalieronline.rigsarkivet.dk/da/billedviser?epid=20201795#292226,58788331"
1792,Kongens_Kvadrant,Anguilla,,Madame Turnbull,Menck Turnbull Arv; Merrick Turnbull Arv; Mereik Turnbull Arv,Turnbull,,22,18,5,10,1,4,3,,7,23,11,74,30,104,7,8,8,16,6,10,40,2,7,40,6,1,100,30,16,,,4,150,45,23,,,,"https://arkivalieronline.rigsarkivet.dk/da/billedviser?epid=20201795#292226,58788331"
1792,West_Ende,Cane Plantation,,Manning Rogers Arv,,Rogers,,16,11,14,10,3,10,10,,1,9,5,45,44,89,,11,10,8,10,12,40,10,4,70,20,3,90,20,85,,,30,225,50,23,,30,,"https://arkivalieronline.rigsarkivet.dk/da/billedviser?epid=20201795#292226,58788337"
1792,West_Ende,Carlton,,Thomas Bradshaw,Thomas Bradshou,Bradshaw,,50,48,13,12,13,12,46,,1,5,19,114,105,219,4,34,20,20,20,20,80,42,34,130,26,5,420,20,250,,,10,700,250,120,,20,,"https://arkivalieronline.rigsarkivet.dk/da/billedviser?epid=20201795#292226,58788337"
1792,West_Ende,[Unnamed 1],,John William Irwin,,Irwin,,13,21,1,4,3,13,3,,5,8,9,33,47,80,4,11,,,7,7,14,4,2,,3,1,135,,12,,,3,150,30,15,,,,"https://arkivalieronline.rigsarkivet.dk/da/billedviser?epid=20201795#292226,58788337"
1792,West_Ende,Westens,,Hendrichsens Arv,Major Hendrichsens Arv; Cornelius Hendrichson,Hendrichsen,,41,22,7,7,17,14,22,,14,20,33,127,70,197,2,23,16,24,,,40,17,12,219,16,11,200,15,140,,,20,375,95,40,,50,25,"https://arkivalieronline.rigsarkivet.dk/da/billedviser?epid=20201795#292226,58788337"
1792,West_Ende,Hannahs Rest,,Madame Heyliger,,Heyliger,Dutch,10,9,3,,3,1,5,,1,1,2,23,12,35,,3,4,4,4,4,16,4,6,18,8,5,90,20,40,,,,150,14,5,,20,,"https://arkivalieronline.rigsarkivet.dk/da/billedviser?epid=20201795#292226,58788337"
1792,West_Ende,Stony Ground,,John H. Barents Arv,John Barnes's Arv,Barents,,23,11,8,7,1,3,6,,3,3,2,31,36,67,2,4,10,16,4,5,35,8,6,,6,2,110,60,50,,,30,250,25,10,,30,40,"https://arkivalieronline.rigsarkivet.dk/da/billedviser?epid=20201795#292226,58788337"
1792,West_Ende,Wills,,William White,,White,,2,2,,1,,,,,,,,3,2,5,,,,,,,,,,20,,1,,6,12,,,7,25,,,,,,"https://arkivalieronline.rigsarkivet.dk/da/billedviser?epid=20201795#292226,58788337"
1792,West_Ende,Hope,,John Rattine,,Rattine,,8,12,2,3,5,5,3,,2,10,5,39,16,55,,7,,,,,,4,4,42,,4,40,5,5,,,,50,15,6,,,,"https://arkivalieronline.rigsarkivet.dk/da/billedviser?epid=20201795#292226,58788337"
1792,West_Ende,Good Hope,,John Smiths Arv,,Smith,,24,12,5,4,4,5,5,2,1,4,1,44,23,67,,9,,,,,,6,11,66,7,2,80,25,95,,,,200,30,12,,,,"https://arkivalieronline.rigsarkivet.dk/da/billedviser?epid=20201795#292226,58788337"
1792,West_Ende,Rowan,Rowan,George Goslings Arv,,Gosling,,6,13,4,6,2,1,8,,,1,3,29,15,44,,6,15,15,10,10,50,8,,,8,5,145,5,60,,,15,225,60,25,,75,,"https://arkivalieronline.rigsarkivet.dk/da/billedviser?epid=20201795#292226,58788337"
1792,West_Ende,Hogensborg,,Adam Søbøtker,Soebotker,Søbøtker,Danish,46,49,16,24,16,14,30,,4,13,29,105,136,241,1,20,10,10,10,10,40,9,13,33,11,20,216,25,16,,,,300,160,60,,,,"https://arkivalieronline.rigsarkivet.dk/da/billedviser?epid=20201795#292226,58788337"
1792,West_Ende,Two Williams,Two Williams,William Heyliger & William Smith,,Heyliger,Dutch,11,9,2,2,3,1,5,,1,1,1,19,17,36,1,4,10,10,10,10,40,4,,,11,1,105,18,62,,,3,188,30,15,,20,,"https://arkivalieronline.rigsarkivet.dk/da/billedviser?epid=20201795#292226,58788337"
1792,West_Ende,Concordia,,Peter Heyliger Sen. Arv,,Heyliger,Dutch,26,26,5,2,5,6,25,1,1,2,6,49,56,105,2,13,25,30,15,30,100,11,8,,15,2,220,15,95,,,20,350,100,40,,,,"https://arkivalieronline.rigsarkivet.dk/da/billedviser?epid=20201795#292226,58788337"
1792,West_Ende,Mars Hill,,Paul Vaughan,Paul Woughan,Vaughan,,15,11,1,4,4,5,3,,1,2,2,15,33,48,,2,4,6,,,10,3,1,11,6,4,50,15,10,,,,75,20,9,,,,"https://arkivalieronline.rigsarkivet.dk/da/billedviser?epid=20201795#292226,58788337"
1792,West_Ende,Smithfield,,Seth Smith Sen.,,Smith,,35,30,8,4,5,6,2,,4,7,17,37,81,118,,9,,,30,30,60,24,,90,12,6,76,37,37,,,,150,18,9,,,,"https://arkivalieronline.rigsarkivet.dk/da/billedviser?epid=20201795#292226,58788337"
1792,West_Ende,Frederichshaab,Frederichshaab,Friderich Chr. Heitmanns Arv,,Heitmann,,16,11,11,9,2,5,20,,6,13,6,62,37,99,12,2,,,10,15,25,4,3,6,13,3,75,5,10,40,,20,150,40,18,,40,,"https://arkivalieronline.rigsarkivet.dk/da/billedviser?epid=20201795#292226,58788337"
1792,West_Ende,St. George Hill,,Thomas Armstrong Sen.,,Armstrong,English,17,13,4,9,8,9,12,,2,9,2,58,27,85,1,11,8,12,,,20,5,3,24,5,6,70,10,10,40,,20,150,40,18,,40,,"https://arkivalieronline.rigsarkivet.dk/da/billedviser?epid=20201795#292226,58788337"
1792,West_Ende,Cane Valley,,John Gordon,,Gordon,Scottish,15,21,13,9,3,11,8,,3,6,5,48,46,94,,10,,,,,,7,5,14,10,6,70,19,31,,,20,140,30,15,,,,"https://arkivalieronline.rigsarkivet.dk/da/billedviser?epid=20201795#292226,58788337"
1792,West_Ende,Becks Grove,,John Nielson,,Nielson,,17,23,10,7,12,7,16,1,2,7,8,66,44,110,,6,10,10,5,,25,8,6,20,27,5,140,10,38,35,,12,235,50,25,,30,,"https://arkivalieronline.rigsarkivet.dk/da/billedviser?epid=20201795#292226,58788337"
1792,West_Ende,Brook Hill,,William Newton,,Newton,English,20,13,,2,1,5,,1,2,6,2,20,32,52,,12,8,12,4,6,30,9,3,20,7,2,80,5,55,,,10,150,30,15,,45,,"https://arkivalieronline.rigsarkivet.dk/da/billedviser?epid=20201795#292226,58788337"
1792,West_Ende,Little La Grange,,Hendrichsens Arv,Major Hendrichsens Arv; Cornelius Hendrichson,Hendrichsen,,28,19,3,6,2,1,9,,1,2,,40,31,71,,6,15,20,5,10,50,4,3,,10,1,100,25,100,,,75,300,50,25,,75,,"https://arkivalieronline.rigsarkivet.dk/da/billedviser?epid=20201795#292226,58788337"
1792,West_Ende,Orange Grove,,Nathaniel Strode,,Strode,,22,30,19,14,12,6,15,,1,4,7,70,60,130,2,15,,,20,20,40,8,3,24,21,4,240,10,,30,,20,300,70,30,,40,,"https://arkivalieronline.rigsarkivet.dk/da/billedviser?epid=20201795#292226,58788337"
1792,West_Ende,Jolly Hill,,John Gordons Arv,John Jordons Arv,Gordon,Scottish,13,12,11,3,9,6,23,,6,11,9,70,33,103,,9,,,8,28,36,4,3,49,12,9,106,11,24,,,9,150,60,30,,,,"https://arkivalieronline.rigsarkivet.dk/da/billedviser?epid=20201795#292226,58788337"
1792,West_Ende,Prosperity,,Isaac Markoes Arv,,Markoe,French,45,34,15,13,6,7,9,,5,14,19,98,69,167,,11,,,10,20,30,8,8,40,21,5,350,20,30,30,,20,450,130,60,,30,,"https://arkivalieronline.rigsarkivet.dk/da/billedviser?epid=20201795#292226,58788337"
1792,West_Ende,Two Brothers,Two Brothers,Richard Forster,,Forster,Irish,10,15,11,8,12,12,12,2,3,18,37,90,50,140,,13,,,10,25,35,4,8,26,12,2,40,8,10,,,2,60,25,10,,,,"https://arkivalieronline.rigsarkivet.dk/da/billedviser?epid=20201795#292226,58788337"
1792,West_Ende,Wheel of Fortune,,Friderich Hardungs Arv,,Hardung,Danish,25,18,5,3,12,11,17,1,1,2,8,43,60,103,6,16,,,15,25,40,10,4,,20,5,145,5,60,,,15,225,60,25,,75,,"https://arkivalieronline.rigsarkivet.dk/da/billedviser?epid=20201795#292226,58788337"
1792,West_Ende,La Grange,,Schimmelmanns Arv,,Schimmelmann,Danish,53,76,28,30,24,20,27,1,3,5,21,206,82,288,1,40,12,8,6,,26,22,8,40,31,2,430,50,135,,,60,675,240,100,,,,"https://arkivalieronline.rigsarkivet.dk/da/billedviser?epid=20201795#292226,58788337"
1792,Nord_Side_A,William,,Isaac Markoes Arv,,Markoe,French,36,35,12,14,3,7,4,,,,1,62,51,113,,6,,,10,20,30,8,,20,21,2,350,15,60,,,25,450,120,50,,50,,"https://arkivalieronline.rigsarkivet.dk/da/billedviser?epid=20201795#292226,58788339"
1792,Nord_Side_A,Anally,,Roger Ferralls Arv,,Ferrall,Irish,38,29,15,11,11,17,19,,2,2,10,78,76,154,,27,,,10,20,30,5,15,28,26,4,275,15,100,100,,60,550,112,45,,200,,"https://arkivalieronline.rigsarkivet.dk/da/billedviser?epid=20201795#292226,58788339"
1792,Nord_Side_A,Oxford,,Madame Laus Arv,William Laus Arv,Lau,,26,31,6,9,7,12,8,1,4,5,8,68,49,117,3,14,,,10,20,30,10,13,36,6,4,220,6,45,,,29,300,90,36,,,,"https://arkivalieronline.rigsarkivet.dk/da/billedviser?epid=20201795#292226,58788339"
1792,Nord_Side_A,Mount Penal,,,,,,20,11,2,5,6,5,15,,2,1,3,27,43,70,,9,,,15,20,35,,1,19,10,1,110,18,14,,,8,150,50,25,,,,"https://arkivalieronline.rigsarkivet.dk/da/billedviser?epid=20201795#292226,58788339"
1792,Nord_Side_A,Fountain,,Tully O'Neal,,O'Neal,,46,45,15,7,10,5,15,,4,6,13,64,102,166,,35,20,30,,,50,26,5,25,32,4,425,15,30,20,,5,495,300,130,,,,"https://arkivalieronline.rigsarkivet.dk/da/billedviser?epid=20201795#292226,58788339"
1792,Nord_Side_A,Spratt Hole,,George Gordon,,Gordon,Scottish,35,25,4,10,12,6,10,,3,7,4,49,67,116,,15,15,25,,,40,7,1,50,20,2,150,60,40,,,40,290,50,25,,60,,"https://arkivalieronline.rigsarkivet.dk/da/billedviser?epid=20201795#292226,58788339"
1792,Nord_Side_A,North Hall,,William & Samuel Newton,,Newton,English,4,4,2,3,2,1,2,,,1,,10,9,19,,4,10,15,5,10,40,4,,,16,,50,8,11,52,,4,125,30,12,,50,,"https://arkivalieronline.rigsarkivet.dk/da/billedviser?epid=20201795#292226,58788339"
1792,Nord_Side_A,Mount Misery,,Daniel H. Barents,Daniel Barnes,Barents,,9,11,7,3,1,5,7,,1,3,2,27,22,49,,5,7,8,7,8,30,6,1,10,13,2,50,30,40,,,30,150,30,12,,50,,"https://arkivalieronline.rigsarkivet.dk/da/billedviser?epid=20201795#292226,58788339"
1792,Nord_Side_A,Mount Pleasant,,John Rogers Arv,John Rogers,Rogers,,19,24,8,12,11,7,6,,,,7,61,33,94,,16,5,7,4,4,20,5,3,,7,1,70,30,30,,,15,145,40,16,,30,,"https://arkivalieronline.rigsarkivet.dk/da/billedviser?epid=20201795#292226,58788339"
1792,Nord_Side_A,Pleasant Vally,,Jeremias & John Smith,,Smith,,11,10,,1,2,1,7,,1,,1,11,23,34,,6,,,4,6,10,4,1,,12,,45,5,25,,,,75,20,9,,5,20,"https://arkivalieronline.rigsarkivet.dk/da/billedviser?epid=20201795#292226,58788339"
1792,Nord_Side_A,Rose Hill,,Seth Smith Sen.,,Smith,,10,5,3,,,3,,,1,1,,10,13,23,,4,,,,,,,,,15,1,45,10,5,,,15,75,25,10,,,,"https://arkivalieronline.rigsarkivet.dk/da/billedviser?epid=20201795#292226,58788339"
1792,Nord_Side_A,Mount Stewart,,Robert Thompson,,Thompson,English,35,43,34,29,8,5,4,,3,2,11,68,106,174,,26,20,35,7,8,70,21,20,80,39,8,200,70,65,90,,100,525,150,50,,200,,"https://arkivalieronline.rigsarkivet.dk/da/billedviser?epid=20201795#292226,58788339"
1792,Nord_Side_A,Sweet Bottom,,Rocland Davis,,Davis,,15,1,,,,,7,,1,1,2,4,23,27,,1,10,,,25,35,4,,21,7,6,85,10,16,26,,8,145,40,20,,30,,"https://arkivalieronline.rigsarkivet.dk/da/billedviser?epid=20201795#292226,58788339"
1792,Nord_Side_A,Butlers Bay,,John Sempill,,Sempill,Scottish,18,37,8,4,12,22,51,,3,3,11,103,66,169,,38,,,15,20,35,6,4,30,30,3,250,26,60,30,,40,406,50,25,,30,,"https://arkivalieronline.rigsarkivet.dk/da/billedviser?epid=20201795#292226,58788339"
1792,Nord_Side_A,Mount Washington,,Cornelius Durant,,Durant,,18,12,3,5,3,1,4,,2,5,5,18,40,58,,14,4,10,3,3,20,4,,8,10,4,100,7,10,10,,10,137,250,120,,,,"https://arkivalieronline.rigsarkivet.dk/da/billedviser?epid=20201795#292226,58788339"
1792,Nord_Side_A,Nicholas,Nicholas,Patrick Ferralls Arv,,Ferrall,Irish,21,20,8,5,,4,8,,,2,5,28,45,73,,11,8,8,,,16,6,,,6,,75,5,14,,,6,100,30,12,,,,"https://arkivalieronline.rigsarkivet.dk/da/billedviser?epid=20201795#292226,58788339"
1792,Nord_Side_A,Spring Garden,,Christopher McEvoys Arv.,Christopher Mac Ewoy,McEvoy,Scottish,28,20,12,2,6,1,5,,1,2,6,33,50,83,1,14,15,20,15,20,70,13,13,13,22,1,140,20,100,,10,30,300,60,30,,40,,"https://arkivalieronline.rigsarkivet.dk/da/billedviser?epid=20201795#292226,58788339"
1792,Nord_Side_A,Hams Bay,,,,,,15,21,8,6,11,4,,,2,4,5,72,4,76,,5,8,10,3,4,25,4,1,10,5,4,40,20,20,10,,10,100,18,8,,10,,"https://arkivalieronline.rigsarkivet.dk/da/billedviser?epid=20201795#292226,58788339"
1792,Nord_Side_A,North Side,,,,,,15,22,5,3,4,10,8,,,,2,39,30,69,,11,20,15,7,8,50,5,3,18,9,2,90,30,40,35,,30,225,25,9,,100,,"https://arkivalieronline.rigsarkivet.dk/da/billedviser?epid=20201795#292226,58788339"
1792,Nord_Side_B,Salt River,,Christopher McEvoy Jr.,,McEvoy,Scottish,19,13,13,8,3,4,3,,3,3,5,20,54,74,1,7,10,10,10,10,40,3,9,66,7,1,100,10,6,,12,,150,25,7,1200,,,"https://arkivalieronline.rigsarkivet.dk/da/billedviser?epid=20201795#292226,58788333"
1792,Nord_Side_B,Rust up Twist,,"Paulus, Lucas, Joseph de Bretton","Paulis, Lucas, Joseph Baron de Britton; Paulis, Lucas, Joseph de Britton Baroner",de Bretton,Danish,31,23,6,3,3,,11,,4,8,3,28,64,92,5,,40,40,15,15,110,8,10,,9,1,200,10,120,100,,20,450,150,75,,150,,"https://arkivalieronline.rigsarkivet.dk/da/billedviser?epid=20201795#292226,58788333"
1792,Nord_Side_B,Bonne Esperance,,Lucas & Peter de Bretton,,de Bretton,Danish,7,10,4,15,,2,12,1,2,1,2,15,41,56,2,1,,,12,18,30,,,,,1,30,,70,,,30,150,20,10,,20,,"https://arkivalieronline.rigsarkivet.dk/da/billedviser?epid=20201795#292226,58788333"
1792,Nord_Side_B,Mount Pleasant,,,,,,8,10,1,,2,,5,1,,1,,11,17,28,,,18,10,6,6,30,5,14,,10,1,70,10,25,15,,30,150,30,15,,35,,"https://arkivalieronline.rigsarkivet.dk/da/billedviser?epid=20201795#292226,58788333"
1792,Nord_Side_B,Betsys Jewel,,William Wood & Anth. Blaudhuy,William Wood & Anth. Blaudhuw,Blaudhuy,,13,7,3,2,1,1,3,,11,11,2,33,19,52,,2,10,10,5,5,30,8,2,30,4,4,90,14,26,,,20,150,35,16,,30,,"https://arkivalieronline.rigsarkivet.dk/da/billedviser?epid=20201795#292226,58788333"
1792,Nord_Side_B,Canaan,,G. S. Gullich,,Gullich,,18,12,7,5,6,5,10,1,2,7,6,40,39,79,1,12,10,12,4,4,30,8,5,40,19,5,110,,20,,,10,150,75,35,,,,"https://arkivalieronline.rigsarkivet.dk/da/billedviser?epid=20201795#292226,58788333"
1792,Nord_Side_B,Mount Eagle,,William & Samuel Newton,,Newton,English,10,10,2,2,2,5,3,,1,1,,17,19,36,,4,,,15,25,40,,,20,18,1,45,10,25,40,,30,150,30,12,,50,,"https://arkivalieronline.rigsarkivet.dk/da/billedviser?epid=20201795#292226,58788333"
1792,Nord_Side_B,Parasol,,Abraham Markoe,,Markoe,French,11,8,,,2,6,5,,,1,1,21,13,34,,6,,,15,25,40,,3,10,4,2,90,10,10,34,,6,150,100,44,,34,,"https://arkivalieronline.rigsarkivet.dk/da/billedviser?epid=20201795#292226,58788333"
1792,Nord_Side_B,Belvedera,Belvedera,Michael McEvoy,,McEvoy,Scottish,18,23,7,3,10,7,17,2,2,1,3,42,51,93,,14,10,12,5,13,40,7,10,,9,1,200,26,50,6,,18,300,50,25,,30,,"https://arkivalieronline.rigsarkivet.dk/da/billedviser?epid=20201795#292226,58788333"
1792,Nord_Side_B,North Star,,John McEvoy,,McEvoy,Scottish,26,21,7,5,5,4,6,1,1,2,4,40,42,82,,15,4,8,4,6,22,7,6,47,9,2,136,25,40,36,,25,262,90,45,,61,40,"https://arkivalieronline.rigsarkivet.dk/da/billedviser?epid=20201795#292226,58788333"
1792,Nord_Side_B,La Vallee,,,,,,22,16,4,6,,2,4,,2,3,2,30,31,61,,7,4,7,6,4,21,2,2,35,15,2,97,,37,,,4,150,45,20,,,,"https://arkivalieronline.rigsarkivet.dk/da/billedviser?epid=20201795#292226,58788333"
1792,Nord_Side_B,Cane Bay,,,,,,25,20,11,8,3,2,10,,1,3,4,44,43,87,,16,12,16,6,8,42,6,7,30,12,1,60,10,40,50,,20,180,20,10,,50,,"https://arkivalieronline.rigsarkivet.dk/da/billedviser?epid=20201795#292226,58788333"
1792,Nord_Side_B,Prosperity,,Thomas Armstrong Sen.,,Armstrong,English,15,10,,4,8,7,4,,2,1,3,27,27,54,1,6,10,15,8,12,45,5,3,12,17,2,80,12,20,100,,20,232,100,50,,100,,"https://arkivalieronline.rigsarkivet.dk/da/billedviser?epid=20201795#292226,58788333"
1792,Oost_Ende_A,Mount Welcome,,John Heyliger Abz,,Heyliger,Dutch,42,29,9,4,14,11,21,1,3,9,4,75,72,147,3,23,10,20,,,30,6,14,118,11,8,160,16,400,124,,25,725,75,35,,,200,"https://arkivalieronline.rigsarkivet.dk/da/billedviser?epid=20201795#292226,58788343"
1792,Oost_Ende_A,Boetzberg,Boetzberg,John Renger,John Rengger,Renger,,21,17,4,3,1,6,6,,9,19,8,57,37,94,,9,5,5,5,5,20,8,35,113,6,4,,30,65,,90,15,250,,,10000,,,"https://arkivalieronline.rigsarkivet.dk/da/billedviser?epid=20201795#292226,58788343"
1792,Oost_Ende_A,Altona,Altona,Reynard Holweck,Reynard Holweck,Holweck,,4,1,,,,,3,,2,6,,5,11,16,,3,5,4,2,,11,,2,,,1,,2,,38,10,,50,,,,,46,"https://arkivalieronline.rigsarkivet.dk/da/billedviser?epid=20201795#292226,58788343"
1792,Oost_Ende_A,Cho,,Robert Chemaux' Enke,Chemau's Enke,Chemaux,,6,8,,,2,3,,,,4,,17,6,23,,,6,,,,6,1,11,30,,1,,13,28,23,26,10,100,,,1200,,23,"https://arkivalieronline.rigsarkivet.dk/da/billedviser?epid=20201795#292226,58788343"
1792,Oost_Ende_A,Mount Plesant,,,,,,6,4,1,1,,,,,,,,6,6,12,,5,3,3,,,6,,12,40,2,4,,9,27,,,2,"37,5",,,,,,"https://arkivalieronline.rigsarkivet.dk/da/billedviser?epid=20201795#292226,58788343"
1792,Oost_Ende_A,Green Sway,,Nurlay A. Coppy,Procurator Coppy,Coppy,,19,12,,,,,5,,1,,5,8,34,42,1,11,25,30,6,4,65,2,1,20,13,3,80,,170,,45,5,300,,,,80,50,"https://arkivalieronline.rigsarkivet.dk/da/billedviser?epid=20201795#292226,58788343"
1792,Oost_Ende_A,Seven Hills,,Martin M. Heyliger,M. M. Heyliger,Heyliger,Dutch,8,6,,,3,1,3,,,,,4,17,21,,6,,20,15,15,50,,,44,,,,6,63,50,30,1,150,,,1500,,,"https://arkivalieronline.rigsarkivet.dk/da/billedviser?epid=20201795#292226,58788343"
1792,Oost_Ende_A,Mount Washington,,John Gordon,Doctor John Gordon; John Gordon M.D.,Gordon,Scottish,22,16,8,4,3,3,7,,,1,1,14,51,65,2,12,6,12,6,12,36,9,13,170,18,2,140,60,95,30,30,20,375,60,30,5000,20,120,"https://arkivalieronline.rigsarkivet.dk/da/billedviser?epid=20201795#292226,58788343"
1792,Oost_Ende_A,All for the better,,Johannes Rogiers,,Rogiers,,3,3,2,,,,,,,,,,8,8,,,4,8,2,2,16,1,,49,,1,,5,15,20,35,,75,,,2400,25,10,"https://arkivalieronline.rigsarkivet.dk/da/billedviser?epid=20201795#292226,58788343"
1792,Oost_Ende_A,Sight,,William Hartmann,William Hartman,Hartmann,,19,17,3,1,2,3,5,,5,10,4,39,30,69,,6,,,,,,11,7,56,17,5,150,30,30,,,15,225,40,20,,,,"https://arkivalieronline.rigsarkivet.dk/da/billedviser?epid=20201795#292226,58788343"
1792,Oost_Ende_A,Eindracht,,John Thompson,Doctor Thompson; John Sain[...] Thompson,Thompson,English,2,3,,,,,4,,1,1,,3,8,11,,2,7,7,5,6,25,,2,,2,,,2,35,,11,2,50,,,2000,,,"https://arkivalieronline.rigsarkivet.dk/da/billedviser?epid=20201795#292226,58788343"
1792,Oost_Ende_A,Lowryhill,Lowrys hill,John Stridiron,John Stridjron,Stridiron,,13,16,3,7,3,5,5,,2,5,2,38,23,61,,6,10,10,10,10,40,,7,17,6,4,70,8,30,76,6,10,200,30,12,,50,20,"https://arkivalieronline.rigsarkivet.dk/da/billedviser?epid=20201795#292226,58788343"
1792,Oost_Ende_A,Jacobs Bierg,,Peter Duncan,Doctor Duncan,Duncan,,2,2,,,,,,,3,10,,10,7,17,,3,,,,,,,,,,,,10,40,,,,50,,,,,,"https://arkivalieronline.rigsarkivet.dk/da/billedviser?epid=20201795#292226,58788343"
1792,Oost_Ende_A,Cairna Mount,,,,,,8,4,6,3,,2,2,,,1,,6,20,26,,2,,6,4,2,12,,,,,,,15,10,35,80,10,150,,,6000,,30,"https://arkivalieronline.rigsarkivet.dk/da/billedviser?epid=20201795#292226,58788343"
1792,Oost_Ende_A,Nr. 26,,John Ryan,,Ryan,Irish,3,,,,,,,,,,,,3,3,,,,,,,,,,183,,,,,,70,,20,90,,,,,,"https://arkivalieronline.rigsarkivet.dk/da/billedviser?epid=20201795#292226,58788343"
1792,Oost_Ende_A,Munster,,Benjamen Biggs,Doctor Biggs; Doct. Benjamen Biggs,Biggs,,8,8,,1,5,,5,,1,1,,10,19,29,2,4,,,10,10,20,3,8,64,,3,,12,30,18,80,10,150,,,10000,,30,"https://arkivalieronline.rigsarkivet.dk/da/billedviser?epid=20201795#292226,58788343"
1792,Oost_Ende_A,Golden Coast,,Gerhard F. Wrisberg,Gerhard Wrisborg; Gerhard F. Wriiberg,Wrisberg,,8,8,4,3,3,,1,,,,,13,14,27,2,3,8,8,,,16,,17,25,,1,,3,30,17,30,5,125,,,4000,,40,"https://arkivalieronline.rigsarkivet.dk/da/billedviser?epid=20201795#292226,58788343"
1792,Oost_Ende_A,Petronella,,Søren Colbiornsen,Regierings raad Colbiornsen,Colbiornsen,,40,38,7,7,11,8,4,,1,3,5,34,90,124,,21,,,,,,18,15,84,23,7,160,,40,50,30,20,300,,,,20,20,"https://arkivalieronline.rigsarkivet.dk/da/billedviser?epid=20201795#292226,58788343"
1792,Oost_Ende_A,Nr. 31,,David Beckmand,,Beckmand,,2,1,2,,,,,,,,,2,3,5,,,,,,,,,11,46,4,1,,,75,,,,75,,,,,,"https://arkivalieronline.rigsarkivet.dk/da/billedviser?epid=20201795#292226,58788343"
1792,Oost_Ende_A,Cottongrove,Cotton Grove,Peter Duncan,Doctor Duncan,Duncan,,14,4,3,2,4,2,9,2,,4,1,21,24,45,3,,,6,8,6,20,1,15,38,1,2,,20,15,195,200,20,450,,,15000,,150,"https://arkivalieronline.rigsarkivet.dk/da/billedviser?epid=20201795#292226,58788343"
1792,Oost_Ende_A,Great Pond,,George Biggs,,Biggs,,26,17,12,7,6,4,5,,1,5,5,41,47,88,,14,,,10,10,20,15,13,50,5,3,200,30,100,,40,30,400,100,50,4000,,,"https://arkivalieronline.rigsarkivet.dk/da/billedviser?epid=20201795#292226,58788343"
1792,Oost_Ende_A,Fareham,,John Goodchilds,,Goodchild,,10,12,2,1,1,2,1,,,,2,6,25,31,,4,,,16,24,40,4,16,37,1,2,,,118,,82,,200,,,4500,,95,"https://arkivalieronline.rigsarkivet.dk/da/billedviser?epid=20201795#292226,58788343"
1792,Oost_Ende_A,Nugent,,Pastor Goodchilds Arv,Goodchilds Arv,Goodchild,,3,10,2,4,3,2,4,1,2,5,,23,13,36,,5,6,8,6,10,30,1,6,25,,1,,33,92,15,70,15,225,,,3500,,65,"https://arkivalieronline.rigsarkivet.dk/da/billedviser?epid=20201795#292226,58788343"
1792,Oost_Ende_A,Spring,,Joseph Stallard,,Stallard,,9,9,2,3,1,,,,,1,,12,13,25,,,,,,,,,6,25,,1,,10,15,,45,,75,,,2000,,,"https://arkivalieronline.rigsarkivet.dk/da/billedviser?epid=20201795#292226,58788343"
1792,Oost_Ende_A,The Springs,,George Mardenborough,George Mardenbrough,Mardenborough,,7,6,2,,3,1,,,1,4,,17,7,24,,5,5,7,,,12,,4,,,2,,5,17,15,30,8,75,,,5000,,20,"https://arkivalieronline.rigsarkivet.dk/da/billedviser?epid=20201795#292226,58788343"
1792,Oost_Ende_A,The Springs,,Peter Duncan,Doctor Duncan,Duncan,,8,2,1,1,2,,2,,,,,6,10,16,,2,,6,3,3,12,,,,,,,8,15,30,40,8,100,,,30000,,20,"https://arkivalieronline.rigsarkivet.dk/da/billedviser?epid=20201795#292226,58788343"
1792,Oost_Ende_A,Annas Hope,,Joseph Harragan,Josia Harrigan; Josia Harragan,Harragan,,6,4,,,7,5,,2,,,,18,6,24,,,10,5,,,15,,,,,1,,5,,45,20,5,75,,,4000,,45,"https://arkivalieronline.rigsarkivet.dk/da/billedviser?epid=20201795#292226,58788343"
1792,Oost_Ende_A,Southgate farm,Southgate farm,Thomas Bourke,Thomas Bourk,Bourke,Irish,26,38,8,3,10,9,,,2,7,7,58,52,110,,10,20,10,5,5,40,18,52,,9,9,200,,75,5,40,5,325,50,20,5000,,,"https://arkivalieronline.rigsarkivet.dk/da/billedviser?epid=20201795#292226,58788343"
1792,Oost_Ende_B,,,John Carden,John Cardon; John Gardon,Carden,,45,39,9,7,7,8,15,,4,6,4,84,60,144,,21,5,10,5,10,30,8,12,80,20,4,150,20,40,20,,13,243,50,25,,40,,"https://arkivalieronline.rigsarkivet.dk/da/billedviser?epid=20201795#292226,58788341"
1792,Oost_Ende_B,Solitude,,Rapzart Heyliger,Rapzard Heyliger,Heyliger,Dutch,6,10,3,1,6,2,2,,,,,15,15,30,,6,8,8,4,4,24,2,12,74,2,2,,8,20,60,125,12,225,,,6000,,125,"https://arkivalieronline.rigsarkivet.dk/da/billedviser?epid=20201795#292226,58788341"
1792,Oost_Ende_B,Pleasant Vally,,Daniel Mollet,,Mollet,,7,8,1,2,3,1,2,,,,,17,7,24,,1,,,,,,,9,,4,4,30,5,12,10,15,3,75,10,5,1000,,,"https://arkivalieronline.rigsarkivet.dk/da/billedviser?epid=20201795#292226,58788341"
1792,Oost_Ende_B,Little Profit,Little Profit,William Rayne,William Rÿen,Rayne,,9,6,2,1,3,1,3,,4,,,15,14,29,,3,6,8,6,6,26,2,14,64,,3,,7,40,50,40,13,150,,,2000,,60,"https://arkivalieronline.rigsarkivet.dk/da/billedviser?epid=20201795#292226,58788341"
1792,Oost_Ende_B,Fannys Fancy,,George Strederon,George Stridjron,Stridiron,,4,2,2,1,2,4,2,2,,4,,17,6,23,,,,,6,4,10,,2,12,,2,,5,10,17,15,3,50,,,1000,,27,"https://arkivalieronline.rigsarkivet.dk/da/billedviser?epid=20201795#292226,58788341"
1792,Oost_Ende_B,Nr. 15,,Arthur Carty,,Carty,,8,3,1,,1,1,2,,5,3,,15,9,24,,,,,10,10,20,1,4,15,,2,,10,80,35,45,5,175,,,3000,,80,"https://arkivalieronline.rigsarkivet.dk/da/billedviser?epid=20201795#292226,58788341"
1792,Oost_Ende_B,Grove,,Edmund Shoy,Edmund Schoÿ,Shoy,,17,10,2,4,,,3,,,4,,17,23,40,,2,,,20,30,50,1,3,30,,1,,10,30,137,10,50,237,,,7000,,137,"https://arkivalieronline.rigsarkivet.dk/da/billedviser?epid=20201795#292226,58788341"
1792,Oost_Ende_B,Nr. 17,,,,,,4,1,3,,4,2,3,1,,4,,17,5,22,,2,,,2,2,4,,6,,,2,,4,13,,7,1,25,,,1500,,13,"https://arkivalieronline.rigsarkivet.dk/da/billedviser?epid=20201795#292226,58788341"
1792,Oost_Ende_B,Catharinas Hope,Catharinas Hope,Joseph Lake,Josep Lacke,Lake,,4,1,1,3,2,,2,1,1,6,,18,3,21,,,,,5,5,10,,3,91,,2,,14,40,60,30,6,150,,,2000,,60,"https://arkivalieronline.rigsarkivet.dk/da/billedviser?epid=20201795#292226,58788341"
1792,Oost_Ende_B,Tague Bay,Tague Bay,Peter Heyliger Abz,,Heyliger,Dutch,18,10,5,5,3,2,,,,,,26,17,43,,,6,14,,,20,4,8,130,,1,,20,60,75,100,20,275,,,10000,,90,"https://arkivalieronline.rigsarkivet.dk/da/billedviser?epid=20201795#292226,58788341"
1792,Oost_Ende_B,,,,,,,8,6,,,2,,,,1,,,10,7,17,,,,,,,,,2,25,,1,,10,180,80,20,10,300,,,1500,,150,"https://arkivalieronline.rigsarkivet.dk/da/billedviser?epid=20201795#292226,58788341"
1792,Oost_Ende_B,Cotton Garden,,John G. Thomas,John George Thomas,Thomas,,19,20,2,4,6,18,,,,7,,65,11,76,,12,10,,4,6,20,,,,,1,,15,100,115,130,15,375,,,15000,,115,"https://arkivalieronline.rigsarkivet.dk/da/billedviser?epid=20201795#292226,58788341"
1792,Oost_Ende_B,Mary Fancy,,Mathias Block,,Block,,5,5,7,6,6,4,1,,4,10,1,27,22,49,,5,14,6,2,2,24,1,16,86,,2,,16,80,,80,4,180,,,60000,,,"https://arkivalieronline.rigsarkivet.dk/da/billedviser?epid=20201795#292226,58788341"